{
  "IsEncrypted": false,
  "Values": {
    "AzureWebJobsStorage": "DefaultEndpointsProtocol=https;AccountName=st10446908;AccountKey=+vpF5fBrG8WOoCQPr7ZeX9yoWE1b8nM++0sRYUlqRjb2snkqVuIaWc8LFGlrg8JG9C4y/eaktjD9+ASt8Xu05g==;EndpointSuffix=core.windows.net",
    "FUNCTIONS_WORKER_RUNTIME": "dotnet-isolated",
    "AzureWebJobsFeatureFlags": "EnableWorkerIndexing",
    "FUNCTIONS_EXTENSION_VERSION": "~4",
    "Logging:LogLevel:Default": "Information"
  },
  "Host": {
    "LocalHttpPort": 7071,
    "CORS": "*",
    "CORSCredentials": false
  }
}